{
  "model_type": "LogisticRegression",
  "train_time": 2.8493402004241943,
  "params": {
    "C": 1.0,
    "max_iter": 1000
  },
  "metrics": {
    "train_accuracy": 0.9171253718075831,
    "test_accuracy": 0.8601121290851907,
    "precision": [
      0.7831831831831831,
      0.8455598455598455,
      0.9206859592711683
    ],
    "recall": [
      0.7917425622343656,
      0.9555731852439509,
      0.81939586645469
    ],
    "f1_score": [
      0.78743961352657,
      0.8972067039106144,
      0.867092866756393
    ],
    "avg_f1": 0.8505797280645258,
    "inference_time_ms": 0.00307244705498569,
    "confusion_matrix": [
      [
        1304,
        162,
        181
      ],
      [
        71,
        2409,
        41
      ],
      [
        290,
        278,
        2577
      ]
    ]
  }
}